Clube,País
1. FC Slovácko,República Tcheca
14 de Julho,Brasil
1860 München,Alemanha
1º de Agosto,Angola
1º Dezembro,Portugal
3 de Febrero,Paraguai
4 de Julho,Brasil
7 de Abril-RJ,Brasil
7 de Setembro-MS,Brasil
Aalborg BK,Dinamarca
AB,Dinamarca
ABC,Brasil
Aberdeen,Escócia
Abo IFK,Finlândia
Aboomoslem,Irã
AC Arles,França
AC Horsens,Dinamarca
AC Oulu,Finlândia
AC Renate,Itália
Academia FC,Colômbia
Academia Puerto Cabello,Venezuela
Académica,Portugal
Académica do Lobito,Angola
Acassuso,Argentina
AD Alcobendas,Espanha
AD Alcorcón,Espanha
AD Bairro,Cabo Verde
AD Ceuta,Espanha
AD Parla,Espanha
AD San Juan,Espanha
AD Sanjoanense,Portugal
AD Torrejón FC,Espanha
Adelaide Raiders,Austrália
Adelaide United,Austrália
Admira Wacker,Áustria
ADO Den Haag,Holanda
AEK,Grécia
AFE,Mali
AGF Aarhus,Dinamarca
AGOVV Apeldoorn,Holanda
Agropecuario,Argentina
Água Santa,Brasil
Águia de Marabá,Brasil
Aiginiakos FC,Grécia
Aigle Noir,Burundi
Aigle Noir AC,Haiti
AIK,Suécia
Aimoré,Brasil
Airdrieonians,Escócia
Ajaccio,França
Ajax,Holanda
Ajax Cape Town,África do Sul
AJEL de Rufisque,Senegal
Akademiya Tolyatti,Rússia
Al Adalah,Arábia Saudita
Al Ain,Emirados Árabes Unidos
Al Fateh,Arábia Saudita
Al Ittihad Tripoli,Libéria
Al Jazira,Emirados Árabes Unidos
Al Nassr,Arábia Saudita
Al-Ahli Jeddah,Arábia Saudita
Al-Ahly,Egito
Al-Arabi SC,Catar
Al-Duhail,Catar
Al-Ettifaq,Arábia Saudita
Al-Faisaly SC,Arábia Saudita
Al-Futowa,Egito
Al-Gharafa,Catar
Al-Hilal,Arábia Saudita
Al-Ittihad Jeddah,Arábia Saudita
Al-Karkh,Iraque
Al-Khaleej,Arábia Saudita
Al-Masri,Egito
Al-Qadisiyah,Arábia Saudita
Al-Rayyan,Catar
Al-Sadd,Catar
Al-Shabab,Arábia Saudita
Al-Wehda,Arábia Saudita
Alajuelense,Costa Rica
Alanyaspor,Turquia
Alavés,Espanha
Albacete,Espanha
AlbinoLeffe,Itália
Albion Rovers,Escócia
Albirex Niigata,Japão
Alcanenense,Portugal
Alcobendas CF,Espanha
Alcobendas Sport,Espanha
Alcoyano,Espanha
Aldosivi,Argentina
Alecrim,Brasil
Alemannia Aachen,Alemanha
Alianza,Panamá
Alianza Lima,Perú
Alicante,Espanha
All Boys,Argentina
Almagro,Argentina
Almere City,Holanda
Almería,Espanha
Alta IF,Noruega
Altay,Turquia
Altinordu,Turquia
Alvarado,Argentina
Alvarenga,Portugal
Amadense,Brasil
Amarante FC,Portugal
Amazonas FC,Brasil
América,México
América de Cali,Colômbia
América Mineiro,Brasil
América T.O.,Brasil
América-CE,Brasil
América-GO,Brasil
América-PE,Brasil
América-RJ,Brasil
América-RN,Brasil
América-SE,Brasil
América-SP,Brasil
Americano,Brasil
Americano-MA,Brasil
Amiens,França
Amkar,Rússia
Amora FC,Portugal
Amparo,Brasil
Anambra Pillars,Nigéria
Anapolina,Brasil
Anápolis,Brasil
Anderlecht,Bélgica
Andradina EC,Brasil
Angers,França
Anges Notsè,Togo
Angra dos Reis,Brasil
Ankaragücü,Turquia
Antequera,Espanha
Antigua GFC,Guatemala
Antofagasta,Chile
ANU FC,Austrália
Aparecidense,Brasil
APEJES Mfou,Camarões
Aquidauanense,Brasil
Árabe Unido,Panamá
Aracruz,Brasil
Aragua FC,Venezuela
Araguaína,Brasil
Arapongas,Brasil
Ararat Yerevan,Armênia
Araripina,Brasil
Araxá,Brasil
Arezzo,Itália
Argentinos Juniors,Argentina
Armando Picchi,Itália
Arminia Bielefeld,Alemanha
Arraial do Cabo,Brasil
Arsenal,Inglaterra
Arsenal de Sarandí,Argentina
Artsul,Brasil
AS Ariana,Tunísia
AS Audincourt,França
AS Aulnoye,França
AS Beauvais,França
AS Cherbourg,França
AS Domérat,França
AS Excelsior,Ilhas Reunião
AS Frenzi,Estados Unidos
AS Gabès,Tunísia
AS Gémenos,França
AS La Cayolle,França
AS Lattes,França
AS Mangasport,Gabão
AS Pierrots Vauban,França
AS Real Bamako,Mali
AS Saint-Priest,França
AS Trencin,Eslováquia
AS Valence,França
ASA,Brasil
ASA-ANG,Angola
Asane,Noruega
Asante Kotoko,Gana
ASC Yakaar,Senegal
Ascoli,Itália
ASEC Mimosas,Costa do Marfim
ASEEV,Brasil
ASFA Yennenga,Burkina Faso
Ashanti Gold,Gana
Asker SK,Noruega
ASM Belfort,França
ASO Chlef,Argélia
Asokwa Deportivo,Gana
Assisense,Brasil
ASSU,Brasil
Asteras Tripolis,Grécia
Aston Villa,Inglaterra
ASV Bergedorf,Alemanha
Atalanta,Itália
Athletic Bilbao,Espanha
Athletic-MG,Brasil
Athletico Paranaense,Brasil
Atibaia,Brasil
Atlanta,Argentina
Atlanta United,Estados Unidos
Atlas,México
Atlas-ARG,Argentina
Atletic Alpicat,Espanha
Atlético Baleares,Espanha
Atlético Batistense-SC,Brasil
Atlético Catarinense,Brasil
Atlético Cearense,Brasil
Atlético CP,Portugal
Atlético Diadema,Brasil
Atlético Gloriense,Brasil
Atlético Goianiense,Brasil
Atlético Huila,Colômbia
Atletico Lusaka FC,Zâmbia
Atlético Madrid,Espanha
Atlético Mineiro,Brasil
Atlético Nacional,Colômbia
Atlético Nacional-PAN,Panamá
Atlético Pernambucano,Brasil
Atlético Rafaela,Argentina
Atlético Roraima,Brasil
Atletico Sanlucar,Espanha
Atletico Sanluqueño,Espanha
Atlético Sorocaba,Brasil
Atlético Tembatary,Paraguai
Atlético Tubarão,Brasil
Atlético Tucumán,Argentina
Atlético-BA,Brasil
Atromitos,Grécia
Atvidabergs FF,Suécia
Aubagne FC,França
Aucas,Equador
Auckland City,Nova Zelândia
Audax Italiano,Chile
Audax Rio,Brasil
Augnablik,Islândia
Aurrerá de Vitoria,Espanha
Austria Lustenau,Áustria
Austria Wien,Áustria
Auto Esporte,Brasil
Auxerre,França
Avaí,Brasil
Avellino,Itália
Avenida,Brasil
Ávila,Espanha
Avispa Fukuoka,Japão
Ayacucho,Perú
Aymorés,Brasil
AZ Alkmaar,Holanda
Azuriz,Brasil
B93,Dinamarca
Bacabal,Brasil
Badajoz,Espanha
Badalona,Espanha
Bahia,Brasil
Bahia de Feira,Brasil
Bandeirante,Brasil
Bandury United,Inglaterra
Banfield,Argentina
Bangu,Brasil
Baník Ostrava,República Tcheca
Bantu Rovers,Zimbábue
Barakaldo,Espanha
Barbalha-CE,Brasil
Barbate,Espanha
Barcelona,Espanha
Barcelona Esportivo,Brasil
Barcelona-ECU,Equador
Barcelona-RJ,Brasil
Bargh Shiraz,Irã
Bari,Itália
Barnet,Inglaterra
Barnsley,Inglaterra
Barra da Tijuca,Brasil
Barra Mansa,Brasil
Barra-SC,Brasil
Barranquilla FC,Colômbia
Barreirense,Portugal
Barreiros-PE,Brasil
Barretos,Brasil
Basel,Suíça
Bastia,França
Batatais,Brasil
Bayer Leverküsen,Alemanha
Bayern München,Alemanha
Beerschot AC,Bélgica
Beira-Mar,Portugal
Beitar Jerusalem,Israel
Belén FC,Costa Rica
Belenenses,Portugal
Belgrano,Argentina
Bella Vista,Uruguai
Bellaria Igea,Itália
Belo Jardim,Brasil
Bendel Insurance,NIgéria
Benevento,Itália
Benfica,Portugal
Benfica Castelo Branco,Portugal
Berço SC,Portugal
Berekum Arsenal,Gana
Bergisch Gladbach 09,Alemanha
Besiktas,Turquia
Betanzos,Espanha
Betim,Brasil
Betis FC,Brasil
Betis San Isidro,Espanha
Binga FC,Mali
Birmingham City,Inglaterra
Bissau e Benfica,Guiné Bissau
BK Forward,Suécia
BK Hacken,Suécia
Blackburn Rovers,Inglaterra
Blackpool,Inglaterra
Bloemfontein Celtic,África do Sul
Blumenthaler SV,Alemanha
Boa Esporte,Brasil
Boavista,Portugal
Boavista Praia,Cabo Verde
Boavista-RJ,Brasil
Boca Junior-SE,Brasil
Boca Juniors,Argentina
Boca Juniors de Cali,Colômbia
Bocal,Portugal
Bochum,Alemanha
Bodo/Glimt,Noruega
Bodrumspor,Turquia
Bogotá,Colômbia
Bohemian,Irlanda
Bolívar,Bolívia
Bologna,Itália
Bolton Wanderers,Inglaterra
Bom Jesus-AL,Brasil
Bonner SC,Alemanha
Bonsucesso,Brasil
Borac,Bósnia
Bordeaux,França
Bordj Bou Arréridj,Argélia
Boreham Wood,Inglaterra
Borussia Dortmund,Alemanha
Borussia M'gladbach,Alemanha
Boston City Brasil,Brasil
Boston River,Uruguai
Botafogo,Brasil
Botafogo-BA,Brasil
Botafogo-PB,Brasil
Botafogo-SP,Brasil
Bouaké FC,Costa do Marfim
Bouenguidi,Gabão
Bournemouth,Inglaterra
Boys Town,Jamaica
Brabrand,Dinamarca
Bradford City,Inglaterra
Bragança,Portugal
Brasil de Farroupilha,Brasil
Brasil de Pelotas,Brasil
Brasília,Brasil
Brasiliense,Brasil
Brasilis,Brasil
Breidablik,Islândia
Brentford,Inglaterra
Brescia,Itália
Brest,França
Brighton & Hove Albion,Inglaterra
Brisbane Roar,Austrália
Brisbane Strikers,Austrália
Bristol City,Inglaterra
Bristol Rovers,Inglaterra
Bromley FC,Inglaterra
Brommapojkarna,Suécia
Brondby,Dinamarca
Brusque,Brasil
Bryne,Noruega
BSK Borca,Sérvia
Bucheon 1995,Coréia do Sul
Buleen Lions,Austrália
Burnley,Inglaterra
Bursaspor,Turquia
Burton Albion,Inglaterra
Bury,Inglaterra
Busan IPark,Coréia do Sul
Buxtehuder SV,Alemanha
CA Bizertin,Tunísia
CA Cerro,Uruguai
CA Lemense,Brasil
Cabense,Brasil
Cabofriense,Brasil
Caçador,Brasil
Cacereño,Espanha
Cacerense,Brasil
Cádiz,Espanha
Caen,França
Cagliari,Itália
CAI,Argentina
Calahorra,Espanha
Caldas Novas,Brasil
Caldas SC,Portugal
Caldense,Brasil
Câmara de Lobos,Portugal
Cambé,Brasil
Camboriú,Brasil
Cambridge United,Inglaterra
Campinas,Brasil
Campinense,Brasil
Campo Grande-RJ,Brasil
Campo Mourão,Brasil
Can Tho,Vietnã
Canas Senhorim,Portugal
Canedense,Brasil
Canelas 2010,Portugal
Cannes,França
Cano Sport Academy,Guiné Equatorial
Canoas,Brasil
Canterbury United,Nova Zelândia
Canto do Rio,Brasil
Cape Town City,África do Sul
Capivariano,Brasil
Caracas FC,Venezuela
Carapebus,Brasil
Cardiff City,País de Gales
Carlisle United,Inglaterra
Carmelita,Costa Rica
Carpina,Brasil
Cartaginés,Costa Rica
Casa Pia,Portugal
Casa-Sports,Senegal
Casale,Itália
Cascavel EC,Brasil
Castellón,Espanha
Castelo Branco-RJ,Brasil
Catanduvense,Brasil
Catania,Itália
Catanzaro,Itália
Caucaia,Brasil
Caxias,Brasil
CCD Cerceda,Espanha
CD Ariznabarra,Espanha
CD Cabecense,Espanha
CD Cieza,Espanha
CD Covadonga,Espanha
CD El Ejido 2012,Espanha
CD Fátima,Portugal
CD Gouveia,Portugal
CD La Almunia,Espanha
CD Mafra,Portugal
CD Marathón,Honduras
CD Montuiri,Espanha
CD Móstoles,Espanha
CD Móstoles URJC,Espanha
CD Olimpia,Honduras
CD Platense,Honduras
CD Pontejos,Espanha
CD San Ignácio,Espanha
CD San Roque de Lepe,Espanha
CD Sobrado,Portugal
CD Tondela,Portugal
CD Victoria,Honduras
CD Vida,Honduras
CD Vitoria,Espanha
CDJ Tamarite,Espanha
CE Europa,Espanha
CE Mercadal,Espanha
Ceará,Brasil
Ceilândia,Brasil
Celta,Espanha
Celtic,Escócia
CENE,Brasil
Centauros,Colômbia
Central,Brasil
Central Coast,Austrália
Central Español,Uruguai
Central Norte,Argentina
Central United,Nova Zelândia
Centro Oeste FC,Brasil
CEO-AL,Brasil
Cerâmica,Brasil
Cercle Brugge,Bélgica
Ceres,Brasil
Cerezo Osaka,Japão
Cerrito,Uruguai
Cerro de Franco,Paraguai
Cerro Largo,Uruguai
Cerro Porteño,Paraguai
Cesena,Itália
CF Atlético Ciudad,Espanha
CF Montréal,Canadá
CF Peralada,Espanha
CFR Cluj,Romênia
CFZ,Brasil
Chã Grande-PE,Brasil
Chabab Mohammedia,Marrocos
Chacarita Juniors,Argentina
Chamois Niortais,França
Chapadinha,Brasil
Chapecoense,Brasil
Charleroi,Bélgica
Charlotte FC,Estados Unidos
Charlton Athletic,Inglaterra
Châteauroux,França
Chelsea,Inglaterra
Cheltenham Town,Inglaterra
Chemelil Sugar,Quênia
Chepo,Panamá
Chesterfield,Inglaterra
Chicago Fire,Estados Unidos
Chicken Inn,Zimbábue
Chievo,Itália
Chivas,México
Chivas-USA,Estados Unidos
Chojniczanka Chojnice,Polônia
Chorrillo,Panamá
Chur 97,Suíça
Cianorte,Brasil
Cifas de Djeffa,Benin
Cimarrones,México
Cittadella,Itália
Clermont,França
Club Africain,Tunísia
Club Brugge,Bélgica
Club Celaya,México
Club Comunicaciones,Argentina
Club León,México
CMS Oissel,França
CN Iquitos,Perú
CNEPS Excellence,Senegal
CO Korhogo,Costa do Marfim
Cobreloa,Chile
Coimbra-MG,Brasil
Colchester,Inglaterra
Colo Colo-BA,Brasil
Colo-Colo,Chile
Colón,Argentina
Colorado Rapids,Estados Unidos
Comercial,Brasil
Comercial-PI,Brasil
Comércio e Indústria,Portugal
Como,Itália
Concórdia,Brasil
Confiança,Brasil
Conflans FC,França
Connah's Quay,País de Gales
Consadole Sapporo,Japão
Coquimbo Unido,Chile
Córdoba,Espanha
Corinthians,Brasil
Corinthians-AL,Brasil
Corisabbá,Brasil
Coritiba,Brasil
Cork City,Irlanda
Cortuluá,Colômbia
Coruchense,Portugal
Corumbaense,Brasil
Coruripe,Brasil
Coruxo,Espanha
Costa del Este,Panamá
Cotonsport,Camarões
Coventry City,Inglaterra
CRAC,Brasil
Cracovia Kraków,Polônia
CRB,Brasil
Cremonese,Itália
Créteil-Lusitanos,França
Crewe Alexandra,Inglaterra
Criciúma,Brasil
Crociati Noceto,Itália
Crusaders,Irlanda do Norte
Cruz Azul,México
Cruzeiro,Brasil
Cruzeiro-RS,Brasil
Crvena Zvezda,Sérvia
Crystal Palace,Inglaterra
CS Louhans Cuiseaux,França
CS Pétange,Luxemburgo
CS Sedan,França
CS Sfaxien,Tunísia
CS Universitatea Craiova,Romênia
CSA,Brasil
CSKA Moskva,Rússia
CSKA Sofia,Bulgária
CSL Aulnay,França
CSO Amnéville,França
CSP,Brasil
Cuiabá,Brasil
Cukaricki,Sérvia
Cultural Durango,Espanha
Cultural Leonesa,Espanha
Cuneo,Itália
Currais Novos-RN,Brasil
Daegu,Coréia do Sul
Daejeon Hana Citizen,Coréia do Sul
Dagenham & Redbridge,Inglaterra
Dakar Sacré-Coeur,Senegal
Dalian Pro,China
Damanhour,Egito
Danubio,Uruguai
Darlington,Inglaterra
Darmstadt 98,Alemanha
DC United,Estados Unidos
De Graafschap,Holanda
Debreceni EAC,Hungria
Defensa y Justicia,Argentina
Defensor Sporting,Uruguai
Defensores Unidos,Argentina
Degerfors IF,Suécia
Delta Force FC,NIgéria
Democrata de Governador Valadares,Brasil
Democrata de Sete Lagoas,Brasil
Den Bosch,Holanda
Depor FC,Colômbia
Deportes Santa Cruz,Chile
Deportivo Cali,Colômbia
Deportivo Capiatá,Paraguai
Deportivo Cúcuta,Colômbia
Deportivo Cuenca,Equador
Deportivo Español,Argentina
Deportivo JBL,Venezuela
Deportivo La Coruña,Espanha
Deportivo La Guaira,Venezuela
Deportivo Lara,Venezuela
Deportivo Morón,Argentina
Deportivo Pasto,Colômbia
Deportivo Pereira,Colômbia
Deportivo Petare,Venezuela
Deportivo Quito,Equador
Deportivo Táchira,Venezuela
Derby,Cabo Verde
Derby County,Inglaterra
Desportiva Ferroviária,Brasil
Desportiva Guarabira,Brasil
Desportiva Paraense,Brasil
Desportivo Aves,Portugal
Desportivo Brasil,Brasil
Desportivo Maputo,Moçambique
Desportivo Olivais e Moscavide,Portugal
Diables Noirs Brazzaville,Congo
Diambars de Saly,Senegal
Diegem-Sport,Bélgica
Dijon,França
Dilbeek Sport,Bélgica
Dimensão Capela,Brasil
Dinamo Bucuresti,Romênia
Dinamo Tbilisi,Geórgia
Dinamo Zagreb,Croácia
Djobila,Mali
Djurgarden,Suécia
Dnipro,Ucrânia
Dnipro-1,Ucrânia
Dom Bosco,Brasil
Domzale,Eslovênia
Don Bosco,República Democrática do Congo
Don Bosco-HAI,Haiti
Dorense,Brasil
DOVO Veenendaal,Holanda
Dreams FC,Gana
Dugopolje,Croácia
Dukla,Eslovênia
Dukla Praha,República Tcheca
Dulwich Hamlet,Inglaterra
Dundee United,Escócia
Duque de Caxias,Brasil
Dynamo Dresden,Alemanha
Dynamo Kyiv,Ucrânia
Dynamo Moskva,Rússia
EC Resende,Brasil
EC São Bernardo,Brasil
EC Tupy-ES,Brasil
Eendracht Aalst,Bélgica
Egnatia,Albânia
Eibar,Espanha
Eintracht Braunschweig,Alemanha
Eintracht Frankfurt,Alemanha
Eintracht Rheine,Alemanha
Eirense,Portugal
Ekenas IF,Finlândia
Ekranas,Lituânia
El Gaish,Egito
El Jaish SC,Catar
El Mokawloon,Egito
El Nacional,Equador
El Tanque Sisley,Uruguai
El-Mansurah,Egito
Elche,Espanha
Elfsborg,Suécia
Elosport,Brasil
Emelec,Equador
Empoli,Itália
ENAD,Chipre
Energetik-BGU Minsk,Belarus
Energie Cottbus,Alemanha
ENPPI,Egito
Entente SSG,França
Enugu Rangers,Nigéria
Envigado,Colômbia
Enyimba,NIgéria
EOGK,Tunísia
Ericeirense,Portugal
ES Fréjus,França
ES Sétif,Argélia
Esbjerg fB,Dinamarca
Espanyol,Espanha
Esperança de Lagos,Portugal
Espérance de Tunis,Tunísia
Esperia Viareggio,Itália
Esporte-PB,Brasil
Esportivo,Brasil
Estanciano,Brasil
Esteghlal Tehran,Irã
Estoril Praia,Portugal
Estrela Amadora,Portugal
Estrela Calheta,Portugal
Estrela do Norte,Brasil
Estrela FC,Portugal
Estudiantes,Argentina
Estudiantes de Caseros,Argentina
Estudiantes de Mérida,Venezuela
Estudiantes de Panamá,Panamá
Ethnikos Piraeus,Grécia
Etoile Carouge,Suíça
Étoile du Sahel,Tunísia
Eupen,Bélgica
Everton,Inglaterra
Everton-CHI,Chile
Evian,França
Excelsior,Holanda
Excelsior Virton,Bélgica
Exeter City,Inglaterra
Expresso Rojo,Colômbia
Extremadura UD,Espanha
FA 2000,Dinamarca
Fabril,Brasil
Falkenbergs FF,Suécia
Falu FK,Suécia
Famalicão,Portugal
FAR Rabat,Marrocos
Farense,Portugal
Farroupilha,Brasil
Fast Clube,Brasil
FC 08 Homburg,Alemanha
FC Aarau,Suíça
FC Aguilarense,Espanha
FC Alverca,Portugal
FC Anyang,Coréia do Sul
FC Ararat-Armenia,Armênia
FC Arouca,Portugal
FC Astoria Walldorf,Alemanha
FC Attouga,Guiné
FC Augsburg,Alemanha
FC Bagnols Pont,França
FC Bern,Suíça
FC Bihor Oradea,Romênia
FC Bourg-Péronnas,França
FC Brussels,Bélgica
FC Carl Zeiss Jena,Alemanha
FC Cascavel,Brasil
FC Chambly,França
FC Chiasso,Suíça
FC Cincinatti,Estados Unidos
FC Concordia Basel,Suíça
FC Côte Bleue,França
FC Dallas,Estados Unidos
FC Dordrecht,Holanda
FC Eindhoven,Holanda
FC Emmen,Holanda
FC Fastav Zlín,República Tcheca
FC Felgueiras 1932,Portugal
FC Flora,Estônia
FC Goa,Índia
FC Groningen,Holanda
FC Gundelfingen,Alemanha
FC Hradec Králové,República Tcheca
FC Iberia 1999,Geórgia
FC Ingolstadt 04,Alemanha
FC Ismaning,Alemanha
FC Istres,França
FC Kobenhavn,Dinamarca
FC Köln,Alemanha
FC Koper,Eslovênia
FC Kryvbas,Ucrânia
FC KTP,Finlândia
FC Lahti,Finlândia
FC Langonnais,França
FC Lugano,Suíça
FC Mantois 78,França
FC Memmingen,Alemanha
FC Metalurgi Rustavi,Geórgia
FC Montceau,França
FC Monthey,Suíça
FC Nürnberg,Alemanha
FC OSA,Costa do Marfim
FC Porto,Portugal
FC Roriz,Portugal
FC Seoul,Coréia do Sul
FC Thalwil,Suíça
FC Tokyo,Japão
FC Tucson,Estados Unidos
FC Twente,Holanda
FC Utrecht,Holanda
FC Viktoria Köln,Alemanha
FC Vilafranca,Espanha
FC Vítkovice,República Tcheca
FC Vizela,Portugal
FC Volendam,Holanda
FC VSS Kosice,Eslováquia
FC Vushtrria,Kosovo
FC Wil 1900,Suíça
FCA 04 Darmstadt,Alemanha
Feirense,Portugal
Fello Star,Guiné
Fenerbahçe,Turquia
Fénix,Uruguai
Fernandópolis,Brasil
Ferro Carril Oeste,Argentina
Ferroviária,Brasil
Ferroviário,Brasil
Ferroviário de Beira,Moçambique
Ferroviário de Maputo,Moçambique
Feyenoord,Holanda
Feyenoord Acra,Gana
FH Hafnarfjordur,Islândia
Figueirense,Brasil
Figueirense-MG,Brasil
Figueres,Espanha
Fiorentina,Itália
FK Bezanija,Sérvia
FK Borac Cacak,Sérvia
FK Buducnost,Montenegro
FK Dainava,Lituânia
FK Dubnica,Eslováquia
FK Graficar,Sérvia
FK Jablonec,República Tcheca
FK Jagodina,Sérvia
FK Kolubara,Sérvia
FK Napredak,Sérvia
FK Nika Moskva,Rússia
FK Pobeda,Macedônia do Norte
FK Remont Cacak,Sérvia
FK Sarajevo,Bósnia
FK Sevojno,Sérvia
FK Sutjeska,Montenegro
FK Teleoptik,Sérvia
FK Ural,Rússia
FK Valmiera,Letônia
FK Veternik,Sérvia
FK Viagem Pribram,República Tcheca
FK Vojvodina,Sérvia
FK Vozdovac,Sérvia
FK Zemun,Sérvia
FK Zeta,Montenegro
Flamengo,Brasil
Flamengo-PE,Brasil
Flamengo-SP,Brasil
Fleetwood Town,Inglaterra
Floresta-CE,Brasil
Floriana,Malta
Fluminense,Brasil
Fluminense de Feira,Brasil
Fluminense-PI,Brasil
Fluminense-SC,Brasil
Fontanafredda,Itália
Foolad,Irã
Foolad Yazd,Irã
Força,Brasil
Força e Luz,Brasil
Formiga,Brasil
Formosa,Brasil
Forssa BK,Suécia
Fortaleza,Brasil
Fortaleza FC,Colômbia
Fortis Juventus,Itália
Fortuna Düsseldorf,Alemanha
Fortuna Sittard,Holanda
Foullah Edifice,Chade
Foz do Iguaçu,Brasil
Fram Reykjavik,Islândia
Francana,Brasil
Francisco Beltrão,Brasil
Freamunde,Portugal
Free State Stars,África do Sul
Freetown City,Serra Leoa
Freiburg,Alemanha
Freiburger FC,Alemanha
Friburguense,Brasil
Frosinone,Itália
FSV Frankfurt,Alemanha
FSV Hollenbach,Alemanha
FU Narbonne,França
Fuenlabrada,Espanha
Fulham,Inglaterra
Funorte,Brasil
FUS Rabat,Marrocos
Gafanha,Portugal
GAIS,Suécia
Galáctico Pegaso,Espanha
Galatasaray,Turquia
Galícia,Brasil
Galway United,Irlanda
Gama,Brasil
Gamba Osaka,Japão
Gangwon,Coréia do Sul
Garibaldi,Brasil
Gazl Domyat,Egito
GD Chaves,Portugal
GD Ribeirão,Portugal
Gençlerbirligi,Turquia
General Caballero SC,Paraguai
Génération Foot,Senegal
Genk,Bélgica
Genoa,Itália
Gent,Bélgica
Genus,Brasil
George Cross FC,Austrália
Germinal Beerschot,Bélgica
Gernika,Espanha
Getafe,Espanha
Ghazl Mehalla,Egito
Giana Erminio,Itália
Giant Brillars FC,Nigéria
GIF Sundsvall,Suécia
Gifu,Japão
Gil Vicente,Portugal
Gillingham,Inglaterra
Gimnasia,Argentina
Gimnasia y Tiro,Argentina
Giravanz Kitakyushu,Japão
Girona,Espanha
Gislaveds IS,Suécia
GKS Belchatów,Polônia
Globo FC,Brasil
Gloria Bistrita,Romênia
Go Ahead Eagles,Holanda
Godoy Cruz,Argentina
Goianésia,Brasil
Goiânia,Brasil
Goiás,Brasil
Gold Coast,Austrália
Gomel,Belarus
Gondomar SC,Portugal
Górnik Zabrze,Polônia
Governolese,Itália
Goytacaz,Brasil
Gozzano,Itália
Gramenet,Espanha
Granada,Espanha
Granollers,Espanha
Grasshoppers,Suíça
Grecia FC,Costa Rica
Grêmio,Brasil
Grêmio Anápolis,Brasil
Grêmio Barueri,Brasil
Grêmio Mauaense,Brasil
Grêmio Novorizontino,Brasil
Grêmio Osasco,Brasil
Grêmio Prudente,Brasil
Grêmio São-Carlense,Brasil
Grenoble,França
Greuther Fürth,Alemanha
Grimsby Town,Inglaterra
Grosseto,Itália
GS Loures,Portugal
Guadalajara,Espanha
Guarani,Brasil
Guarani-MG,Brasil
Guaraní-PAR,Paraguai
Guarani-SC,Brasil
Guarany Bagé,Brasil
Guarany de Sobral,Brasil
Guaratinguetá,Brasil
Guariba,Brasil
Guarujá,Brasil
Guarulhos,Brasil
Gueugnon,França
Guidars FC,Mali
Guijuelo,Espanha
Guingamp,França
Gwangju,Coréia do Sul
Gwarek Zabrze,Polônia
Gyeongju KHNP,Coréia do Sul
Gyori ETO,Hungria
Hadley FC,Inglaterra
Hajduk Split,Croácia
Hallescher FC,Alemanha
Halmstads,Suécia
Hamburger SV,Alemanha
Hamilton,Escócia
Hammarby,Suécia
Hannover 96,Alemanha
Hansa Rostock,Alemanha
Hapoel Katamon,Israel
Harare City,Zimbábue
Harrow Borough,Inglaterra
Haugesund,Noruega
Haukar,Islândia
Hawke's Bay United,Nova Zelândia
Heart of Lions,Gana
Hearts,Escócia
Hebar,Bulgária
Heerenveen,Holanda
Heidenheim,Alemanha
Hellas Verona,Itália
Helsingborgs,Suécia
Hercílio Luz,Brasil
Hércules,Espanha
Herediano,Costa Rica
Hereford,Inglaterra
Hermann Aichinger,Brasil
Hertha Berlin,Alemanha
Hibernian,Escócia
Highlands Park FC,África do Sul
Hilal Al-Quds,Palestina
Hillingdon Borough,Inglaterra
HK Kópavogs,Islândia
HNK Cibalia,Croácia
HNK Gorica,Croácia
HNK Rijeka,Croácia
HNK Sibenik,Croácia
Hodd,Noruega
Hogaborgs BK,Suécia
Holsten Kiel,Alemanha
Horizonte-CE,Brasil
Houston Dynamo,Estados Unidos
Hrvatski Dragovoljac,Croácia
Huachipato,Chile
Huddersfield Town,Inglaterra
Huesca,Espanha
Hull City,Inglaterra
Hume City,Nova Zelândia
Huracán,Argentina
Huracán de Tres Arroyos,Argentina
Huracán Valencia,Espanha
Hutnik Kraków,Polônia
Hyères FC,França
ÍA Akraness,Islândia
IAPE,Brasil
Icasa,Brasil
IF Fylkir,Islândia
IF Grótta,Islândia
IFK Goteborg,Suécia
IFK Norrköping,Suécia
IFK Varnamo,Suécia
Igloopol Debica,Polônia
Iguatu,Brasil
IK Frej,Suécia
Ilves Tampere,Finlândia
Ilysiakos,Grécia
Imbabura FC,Equador
Imbituba,Brasil
Imperatriz,Brasil
IMT,Sérvia
Incheon United,Coréia do Sul
Independente de Limeira,Brasil
Independente Tucuruí,Brasil
Independiente,Argentina
Independiente del Valle,Equador
Independiente José Terán,Equador
Independiente Medellín,Colômbia
Independiente Rivadavia,Argentina
Independiente-PAR,Paraguai
Inhulets Petrove,Ucrânia
Instituto,Argentina
Inter Allies,Gana
Inter de Bebedouro,Brasil
Inter de Lages,Brasil
Inter de Limeira,Brasil
Inter de Minas,Brasil
Inter de Santa Maria,Brasil
Inter Miami,Estados Unidos
Inter Zapresic,Croácia
Internacional,Brasil
International,Romênia
Internazionale,Itália
Inverness,Escócia
Ipanema-AL,Brasil
Ipatinga,Brasil
Ipiranga-RS,Brasil
Iporá,Brasil
Ipswich Town,Inglaterra
Iranduba,Brasil
Iraty,Brasil
Ismaily,Egito
Isola Siri,Itália
Issia Wazi,Gana
Issia Wazi-CIV,Costa do Marfim
Itabaiana,Brasil
Itaboraí,Brasil
Itaboraí Profute,Brasil
Itabuna,Brasil
Itagüí Leones,Colômbia
Itapirense,Brasil
Itararé,Brasil
Ittihad Alexandria,Egito
Ituano,Brasil
Itumbiara,Brasil
Ivinhema,Brasil
Izabelense,Brasil
JA Drancy,França
Jabaquara,Brasil
Jaciobá-AL,Brasil
Jacuipense,Brasil
Jacutinga,Brasil
Jagiellonia Bialystok,Polônia
Jahn Regensburg,Alemanha
JDR Stars,África do Sul
JEF United,Japão
Jeju United,Coréia do Sul
Jeonbuk Motors,Coréia do Sul
Jeonnam Dragons,Coréia do Sul
Jesina,Itália
Jigawa Gold Stars,Nigéria
Jihlava,República Tcheca
JMalucelli,Brasil
Joinville,Brasil
José Bonifácio,Brasil
Joseense,Brasil
JS Kabylie,Argélia
JS Kairouanaise,Tunísia
JSM Chéraga,Argélia
Juan Aurich,Perú
Júbilo Iwata,Japão
Junior Barranquilla,Colômbia
Junior Team,Brasil
Jura Sud,França
JUTH FC,NIgéria
Juventud,Uruguai
Juventude,Brasil
Juventude Pedras Salgadas,Portugal
Juventus,Itália
Juventus de Seara,Brasil
Juventus Jaraguá,Brasil
Juventus-SP,Brasil
JV Lideral,Brasil
Kaduna United,Nigéria
Kafue Celtic,Zâmbia
Kaiserslautern,Alemanha
Kalmar FF,Suécia
Kapfenberger SV,Áustria
Karacabey Belediyespor,Turquia
Karelia,Rússia
Karlslunds Örebro,Suécia
Karlsruher SC,Alemanha
Karpaty,Ucrânia
Kashima Antlers,Japão
Kashiwa Reysol,Japão
Kawasaki Frontale,Japão
Kawkab,Marrocos
Kayserispor,Turquia
Keflavík,Islândia
Keur Madior FC,Senegal
KF Drenica,Kosovo
KF Prishtina,Kosovo
Khorfakkan,Emirados Árabes Unidos
Kickers Offenbach,Alemanha
Klubi-04,Finlândia
Korona Kielce,Polônia
Kortrijk,Bélgica
Kowsar,Irã
Krasnodar,Rússia
Kristianstad FC,Suécia
Krylya Sovetov,Rússia
KS Czestochowa,Polônia
KSA,Camarões
KSK Beveren,Bélgica
KSV Roeselare,Bélgica
KV Mechelen,Bélgica
Kyoto Sanga,Japão
La Equidad,Colômbia
LA Galaxy,Estados Unidos
Lagarto-SE,Brasil
Lagunda AIK,Suécia
Lajeadense,Brasil
Landskrona,Suécia
Langreo,Espanha
Lanús,Argentina
Larissa,Grécia
Las Palmas,Espanha
Las Rozas,Espanha
LASK Linz,Áustria
Latina,Itália
Lausanne-Sport,Suíça
Lavagnese,Itália
Laval,França
Lazio,Itália
LDU,Equador
LDU de Loja,Equador
Le Havre,França
Le Mans,França
Le Puy,França
Leça FC,Portugal
Lecce,Itália
Lech Poznan,Polônia
Lechia Gdansk,Polônia
Leeds United,Inglaterra
Leganés,Espanha
Legia Warszawa,Polônia
Legião,Brasil
Legnago Salus,Itália
Leicester City,Inglaterra
Leiknir Reykjavik,Islândia
Leixões,Portugal
Lens,França
Levallois SC,França
Levante,Espanha
Leyton Orient,Inglaterra
Liberia,Costa Rica
Libertad,Paraguai
Liberty Professionals,Gana
Liefering,Áustria
Lierse,Bélgica
Lille,França
Lillestrom,Noruega
Limhamn Bunkeflo,Suécia
Limón FC,Costa Rica
Linense,Brasil
Linhares,Brasil
Liria,Kosovo
Liverpool,Inglaterra
Liverpool-URU,Uruguai
Livorno,Itália
Llaneros,Colômbia
Lleida,Espanha
Lokeren,Bélgica
Lokomotiv,Rússia
Lokomotiv Plovdiv,Bulgária
Lommel SK,Bélgica
Londrina,Brasil
Longford,Irlanda
Lorca Deportiva,Espanha
Loreto,Itália
Lorient,França
Los Angeles FC,Estados Unidos
Louisville City,Estados Unidos
Louletano,Portugal
Lucan United,Irlanda
Lucchese,Itália
Ludogorets Razgrad,Bulgária
Lugo,Espanha
Lusitânia de Lourosa,Portugal
Lusitano Vildemoinhos,Portugal
Luton Town,Inglaterra
Luverdense,Brasil
Luzern,Suíça
Lyn,Noruega
Lyngby BK,Dinamarca
Lyon,França
LYS FC,Costa do Marfim
Macaé,Brasil
Macará,Equador
Maccabi Ahi Nazareth,Israel
Maccabi Haifa,Israel
Maccabi Petah Tikva,Israel
Maccabi Tel Aviv,Israel
Machida Zelvia,Japão
Macva Sabac,Sérvia
Madero FC,Colômbia
Madureira,Brasil
Maghreb Fès,Marrocos
Maguary-CE,Brasil
Maia Lidador,Portugal
Maidstone United,Inglaterra
Mainz,Alemanha
Majestic,Burkina Faso
Málaga,Espanha
Malavan FC,Irã
Mallorca,Espanha
Malmö,Suécia
Mamelodi Sundowns,África do Sul
Mamoré,Brasil
Manchester City,Inglaterra
Manchester United,Inglaterra
Mangaratibense,Brasil
Manta FC,Equador
Manthiqueira,Brasil
Mantova 1911,Itália
Manukau City,Nova Zelândia
Maranguape,Brasil
Maranhão,Brasil
Marbella FC,Espanha
Marchamalo,Espanha
Marcílio Dias,Brasil
Mariano Comense,Itália
Maribor,Eslovênia
Maricá,Brasil
Marília,Brasil
Maringá,Brasil
Marinhense,Portugal
Marítimo,Portugal
Marmande,França
Marsala,Itália
Marseille,França
Mash'al,Uzbequistão
Mathare United,Quênia
Matonense,Brasil
Matsubara,Brasil
Matsumoto Yamaga,Japão
Maxaquense,Moçambique
MC El Eulma,Argélia
MC Oran,Argélia
MC Oujda,Marrocos
Melbourne City,Austrália
Melbourne Knights,Austrália
Melbourne Victory,Austrália
Melfi,Itália
Melipilla,Chile
Melville United,Nova Zelândia
Mérida,México
Mervue United,Irlanda
Mesquita,Brasil
Metalurh Zaporizhya,Ucrânia
Metropolitano,Brasil
Metta/LU,Letônia
Metz,França
MFK Vyskov,República Tcheca
Miami Fusion,Estados Unidos
Middlesbrough,Inglaterra
Midtjylland,Dinamarca
Miedz Legnica,Polônia
Miguel Couto,Brasil
Milan,Itália
Milano United,África do Sul
Millonarios,Colômbia
Millwall,Inglaterra
Mineros,Venezuela
Mineros Zacatecas,México
Miramar Misiones,Uruguai
Mirandela,Portugal
Mirassol,Brasil
Mirs Lel Makkasa,Egito
Mito Hollyhock,Japão
Mixto,Brasil
MK Dons,Inglaterra
Modena,Itália
Mogi Mirim,Brasil
Moimenta da Beira,Portugal
Molde,Noruega
Monaco,França
Monagas,Venezuela
Monsoon,Brasil
Monte Azul,Brasil
Monte Cristo,Brasil
Montecchio Maggiore,Itália
Monterrey,México
Montevideo Wanderers,Uruguai
Montpellier,França
Montrouge FC 92,França
Monza,Itália
Moralo,Espanha
Moreirense,Portugal
Moreland Zebras,Austrália
Morelia,México
Morrinhos,Brasil
Motagua,Honduras
Moto Club,Brasil
Moulins-Yzeure F03,França
Mount Cameroon,Camarões
MSK Zilina,Eslováquia
MSV Duisburg,Alemanha
MTK,Hungria
Murici,Brasil
MVV,Holanda
NA Hussein-Dey,Argélia
NAC Breda,Holanda
Nacional,Uruguai
Nacional de Patos de Minas,Brasil
Nacional-MA,Brasil
Nacional-POR,Portugal
Nacional-PR,Brasil
Nacional-SP,Brasil
Naesby,Dinamarca
Naestved,Noruega
Naft Tehran,Irã
Nagoya Grampus,Japão
Nancy,França
Nantes,França
Napoli,Itália
Nasarawa United,Nigéria
Nask Nasice,Croácia
Nàstic,Espanha
Náutico,Brasil
Nchanga Rangers,Zâmbia
NEC,Holanda
Nervión,Espanha
Neuchâteu Xamax,Suíça
Neves FC,Portugal
New England Revolution,Estados Unidos
New York City,Estados Unidos
New York Cosmos,Estados Unidos
New York Red Bulls,Estados Unidos
Newcastle,Inglaterra
Newell's Old Boys,Argentina
NGB Niary Tally,Senegal
Nice,França
Nimes,França
Niroye Zamini,Egito
NJ Imperials,Estados Unidos
NK Bravo,Eslovênia
NK Croatia Sesvete,Croácia
NK Dubrava Zagreb,Croácia
NK Interblock,Eslovênia
NK Istra 1961,Croácia
NK Junak Sinj,Croácia
NK Kustosija,Croácia
NK Lokomotiva,Croácia
NK Marsonia,Croácia
NK Osijek,Croácia
NK Rudes,Croácia
NK Siroki Brijeg,Bósnia
NK Zadar,Croácia
NK Zagreb,Croácia
Nocerina,Itália
Noisy-le-Sec,França
Nordsjaelland,Dinamarca
Noroeste,Brasil
Northampton Town,Inglaterra
Northern Spirit,Austrália
Norwich City,Inglaterra
Nottingham Forest,Inglaterra
Nova Iguaçu,Brasil
Novara,Itália
Novo Esporte Ipatinga,Brasil
Novo Hamburgo,Brasil
Novo Horizonte,Brasil
Novoperário-MS,Brasil
NS Mura,Eslovênia
Ñuñorco,Argentina
O'Higgins,Chile
Oadby Town,Inglaterra
OC Safi,Marrocos
Odd,Noruega
Odense BK,Dinamarca
Odivelas,Portugal
Oeiras,Portugal
Oeste,Brasil
OFK Beograd,Sérvia
OGK Grbalj,Montenegro
OH Leuven,Bélgica
Ohod Club,Arábia Saudita
Oita Trinita,Japão
Olaria,Brasil
Oldham Athletic,Inglaterra
Olé Brasil,Brasil
Olhanense,Portugal
Olimpia,Paraguai
Olimpia-BA,Brasil
Olimpia-SP,Brasil
Olímpic Xàtiva,Espanha
Olimpija Ljubjana,Eslovênia
Olimpo,Argentina
Oliveira do Bairro,Portugal
Olmedo,Equador
Olympiacos,Grécia
Olympiakos Nicosia,Chipre
Olympique Alès,França
Olympique de Béja,Tunísia
Olympique du Marin,Martinica
Olympique Khouribga,Marrocos
Olympique Valence,França
Omiya Ardija,Japão
Once Caldas,Colômbia
Ontinyent,Espanha
Oostende,Bélgica
Operário Ferroviário,Brasil
Operário-MT,Brasil
Orange County,Estados Unidos
Órdenes,Espanha
Orebro SK,Suécia
Orgryte,Suécia
Oriente Petrolero,Bolívia
Orlando City,Estados Unidos
Orlando Pirates,África do Sul
Orn-Horten,Noruega
Osasco Audax,Brasil
Osasco FC,Brasil
Osasuna,Espanha
Osters IF,Suécia
Ostersunds FK,Suécia
Osvaldo Cruz,Brasil
Ovetense FC,Paraguai
Oxford United,Inglaterra
Pachuca,México
Paços de Ferreira,Portugal
Padova,Itália
Padroense,Portugal
Paduano,Brasil
Palermo,Itália
Palestino,Chile
Palestra São Bernardo,Brasil
Palmas,Brasil
Palmeira de Goianinha,Brasil
Palmeiras,Brasil
Palmeirinha,Brasil
Panachaiki,Grécia
Panama Viejo,Panamá
Panathinaikos,Grécia
Panetolikos,Grécia
Panionios,Grécia
PAOK,Grécia
Para Hills SC,Austrália
Paradou AC,Argélia
Paragominas,Brasil
Paraíba do Sul,Brasil
Paraná,Brasil
Paranavaí,Brasil
Paris FC,França
Parma,Itália
Parseh Tehran,Irã
Partick Thistle,Escócia
Partizan,Sérvia
PAS Giannina,Grécia
Pas Tehran,Irã
Patriotas,Colômbia
Pau FC,França
Paulínia,Brasil
Paulista,Brasil
Paulistinha,Brasil
Pavarolo,Itália
Pavia,Itália
Payam Mashhad,Irã
Paykan FC,Irã
Paysandu,Brasil
Paysandú Bella Vista,Uruguai
Pedras Rubras,Portugal
Pelotas,Brasil
Penafiel,Portugal
Penalva do Castelo,Portugal
Penapolense,Brasil
Peñarol,Uruguai
Pergolettese,Itália
Persepolis,Irã
Perth Glory,Austrália
Perugia,Itália
Pescara,Itália
Petro de Luanda,Angola
Petrojet,Egito
Petrolina,Brasil
Petrzalka 1898,Eslováquia
PFC Cajazeiras,Brasil
Philadelphia Union,Estados Unidos
Piauí,Brasil
Picos,Brasil
Pietà Hotspurs,Malta
Pinhalnovense,Portugal
Pinheirense,Brasil
Pinheiro-MA,Brasil
Pirassunuguense,Brasil
Pisa,Itália
Plácido de Castro,Brasil
Plateau United,Nigéria
Platense,Argentina
Platinum City Rovers,África do Sul
Platinum Stars,África do Sul
Plymouth Argyle,Inglaterra
Plzen,República Tcheca
Pobla Mafumet,Espanha
Poços de Caldas,Brasil
Podbrezová,Eslováquia
Pogon Szczecin,Polônia
Pohang Steelers,Coréia do Sul
Poissy,França
Poli Ejido,Espanha
Ponte,Portugal
Ponte Preta,Brasil
Ponte San Pietro,Itália
Porriño Industrial CF,Espanha
Port Vale,Inglaterra
Portimonense,Portugal
Portland Timbers,Estados Unidos
Porto-PE,Brasil
Portosantense,Portugal
Portsmouth,Inglaterra
Portuguesa,Brasil
Portuguesa Santista,Brasil
Portuguesa-RJ,Brasil
Portuguesa-VEN,Venezuela
Potenza,Itália
Pozo Estrecho,Espanha
Pozoblanco,Espanha
Prato,Itália
Prespa Birlik,Suécia
Preston North End,Inglaterra
Preussen Munster,Alemanha
Primavera,Brasil
Prime FC,Nigéria
Primeira Camisa,Brasil
Princesa,Brasil
Pro Vercelli,Itália
Progreso,Uruguai
Próspera,Brasil
PRS FC,Brasil
Prudentópolis,Brasil
PSG,França
PSTC,Brasil
PSV,Holanda
Pumas,México
Puskás Akadémia FC,Hungria
Pyunik,Armênia
QPR,Inglaterra
Queen's Park,Escócia
Queimadense,Brasil
Querétaro,México
Quick Boys,Holanda
Quilmes,Argentina
Quimper KFC,França
Quindío,Colômbia
Quissamã,Brasil
Quixadá,Brasil
Rabotnicki,Macedônia do Norte
Racing Besançon,França
Racing Casablanca,Marrocos
Racing Club,Argentina
Racing Club Warwick,Inglaterra
Racing D'Abidjan,Costa do Marfim
Racing FC,Luxemburgo
Racing Santander,Espanha
Racing-URU,Uruguai
Rad Beograd,Sérvia
Radcliffe FC,Inglaterra
Radium,Brasil
Radnicki Kragujevac,Sérvia
Radnicki Nis,Sérvia
Radnicki Obrenovac,Sérvia
Rahimo,Burkina Faso
Rainbow FC,Gana
Raja Beni Mellal,Marrocos
Raja Casablanca,Marrocos
Rampla Juniors,Uruguai
Rangers,Escócia
Ranheim IL,Noruega
Rapid Bucuresti,Romênia
Rapid Wien,Áustria
Ravenna,Itália
Rayo Majadahonda,Espanha
Rayo Vallecano,Espanha
RB Leipzig,Alemanha
RC Bobo-Dioulasso,Burkina Faso
RC Pays de Grasse,França
RCF Paris,França
RCO Agde,França
RD Águeda,Portugal
RE Mouscron,Bélgica
Reading,Inglaterra
Real Betis,Espanha
Real Brasil,Brasil
Real Brasília,Brasil
Real de Banjul,Gâmbia
Real España,Honduras
Real Garcilaso,Perú
Real Jaén,Espanha
Real Madrid,Espanha
Real Monarchs,Estados Unidos
Real Murcia,Espanha
Real Noroeste,Brasil
Real Oviedo,Espanha
Real Salt Lake,Estados Unidos
Real SC,Portugal
Real Sociedad,Espanha
Real Unión,Espanha
Real Zaragoza,Espanha
Recreativo,Espanha
Recreativo Libolo,Angola
Red Bull Bragantino,Brasil
Red Bull Brasil,Brasil
Red Bull Salzburg,Áustria
Reggiana,Itália
Reggina,Itália
Remo,Brasil
Rennes,França
Reno 1868,Estados Unidos
Rentistas,Uruguai
Resende,Brasil
Retrô,Brasil
Riacho City,Brasil
Ringsted IF,Dinamarca
Rio Ave,Portugal
Rio Branco-AC,Brasil
Rio Branco-ES,Brasil
Rio Branco-PR,Brasil
Rio Branco-SP,Brasil
Rio Claro,Brasil
Rio Grande,Brasil
Rio Negro-AM,Brasil
Rio Preto,Brasil
Rio Verde-GO,Brasil
Rionegro Águilas,Colômbia
Riopardense-RS,Brasil
River Plate,Argentina
River Plate-URU,Uruguai
River-PI,Brasil
RNK Split,Croácia
Roda,Holanda
Rodez,França
Rolândia,Brasil
Roma,Itália
Rondinella,Itália
Rosario Central,Argentina
Rosenborg,Noruega
Ross County,Escócia
Rossanese,Itália
Rot-Weiss Essen,Alemanha
Royal Antwerp,Bélgica
Rozwój Katowice,Polônia
RS,Brasil
RSC Internacional FC,Espanha
Rubin Kazan,Rússia
Rubio Ñu,Paraguai
Ruch Chorzów,Polônia
Ruch Vynnyky,Ucrânia
Rudar,Eslovênia
Rukh Brest,Bielorrússia
RW Ahlen,Alemanha
Saarbrücken,Alemanha
Saba Qom FC,Irã
Sabadell,Espanha
Sabiá-MA,Brasil
Sacavanense,Portugal
Sagamihara,Japão
Sagan Tosu,Japão
Sagrada Esperança,Angola
Saint-Étienne,França
Saipa,Irã
Salamanca CF UDS,Espanha
Salernitana,Itália
Salgueiro,Brasil
Samambaia,Brasil
Sampaio Correa,Brasil
Sampaio Correa-RJ,Brasil
Sampdoria,Itália
San Carlos,Costa Rica
San Fernando,Espanha
San Francisco,Panamá
San Jose Earthquakes,Estados Unidos
San Lorenzo,Argentina
San Luis de Quillota,Chile
San Martin San Juan,Argentina
San Miguelito,Panamá
San Sebastián Reyes,Espanha
San Telmo,Argentina
San-Pedró,Costa do Marfim
Sanat Naft,Irã
Sanfrecce Hiroshima,Japão
Sang Ahan Bafq,Irã
Santa Clara,Portugal
Santa Cruz,Brasil
Santa Cruz-RJ,Brasil
Santa Cruz-RS,Brasil
Santa Fé,Colômbia
Santa Helena-GO,Brasil
Santa Maria,Portugal
Santa Maria-DF,Brasil
Santa Rita-AL,Brasil
Santacruzense,Brasil
Santamarina,Argentina
Santiago Wanderers,Chile
Santo André,Brasil
Santo Angelo,Brasil
Santos,Brasil
Santos Cape Town,África do Sul
Santos Guapilés,Costa Rica
Santos Laguna,México
Santos-AP,Brasil
Santutxu FC,Espanha
São Bento,Brasil
São Bernardo,Brasil
São Caetano,Brasil
São Carlos,Brasil
São Cristovão,Brasil
São Domingos,Brasil
São Francisco-AC,Brasil
São Gonçalo EC,Brasil
São Gonçalo FC,Brasil
São Gonçalo-RN,Brasil
São José,Brasil
São José-MA,Brasil
São José-RS,Brasil
São Luiz,Brasil
São Martinho,Portugal
São Mateus,Brasil
São Paio D'Arcos,Portugal
São Paulo,Brasil
São Paulo-RS,Brasil
São Raimundo-PA,Brasil
São Raimundo-RR,Brasil
São Vicente,Brasil
Sãocarlense,Brasil
Saprissa,Costa Rica
Sariyer,Turquia
Sarmiento de Junín,Argentina
Sarpsborg 08,Noruega
SAS Epinal,França
Sassuolo,Itália
Sävedalen,Suécia
Savedalens IF,Suécia
Savio,Honduras
SC Cambuur,Holanda
SC Fortuna Köln,Alemanha
SC Ideal,Portugal
SC Jaraguá,Brasil
SC Paderborn 07,Alemanha
SC Praiense,Portugal
SC Salgueiros,Portugal
SC Shoftland,Suíça
SC Verl,Alemanha
SC Znojmo,República Tcheca
Schalke 04,Alemanha
SCR Peña Deportiva,Espanha
Scunthorpe United,Inglaterra
SE Patrocinense,Brasil
Seattle Sounders,Estados Unidos
Seongnam FC,Coréia do Sul
Sepahan,Irã
Sergipe,Brasil
Serra,Brasil
Serra Talhada,Brasil
Serranense,Brasil
Serrano-BA,Brasil
Serrano-PB,Brasil
Serrano-PR,Brasil
Sertanense,Portugal
Sertãozinho,Brasil
Servette,Suíça
SESP Samambaense,Brasil
Sete de Setembro-AL,Brasil
Sete de Setembro-PE,Brasil
SEV Hortolândia,Brasil
Sevastopol,Ucrânia
Sevilla,Espanha
SF Siegen,Alemanha
Sfax RS,Tunísia
SG Sonnenhof Grobaspach,Alemanha
Shabab Al Ordon,Jordânia
Shahin Bushehr,Irã
Shahrdari Bandar,Irã
Shakhtar Donetsk,Ucrânia
Shamrock Rovers,Irlanda
Shanghai Port,China
Sharks FC,Nigéria
Sheffield United,Inglaterra
Sheriff,Moldávia
Shimizu S-Pulse,Japão
Shkupi 1927,Macedônia do Norte
Shonan Bellmare,Japão
Shrewsbury Town,Inglaterra
Sibiryak Bratsk,Rússia
Sidos FC,Nigéria
Sigma Olomouc,República Tcheca
Silkeborg,Dinamarca
Sinop,Brasil
Sint-Truiden,Bélgica
Sintrense,Portugal
Sion,Suíça
Sirius,Suécia
Sivasspor,Turquia
SJK,Finlândia
Ska Brasil,Brasil
SKA-Energia,Rússia
Skive,Dinamarca
Slaven,Croácia
Slavia,Bulgária
Slavia Praha,República Tcheca
Sligo Rovers,Irlanda
Slovan Bratislava,Eslováquia
Smena Komsomolsk,Rússia
SO Armée,Costa do Marfim
SO Cassis Carnoux,França
SO Châtellerault,França
Sobradinho,Brasil
Sochaux,França
Social-MG,Brasil
Sogndal,Noruega
Soledade FC,Brasil
Solihull Moors,Inglaterra
Somozas,Espanha
Sonacos Djourbel,Senegal
SonderjyskE,Dinamarca
Sourense,Portugal
Sousense,Portugal
Southampton,Inglaterra
Southend United,Inglaterra
SPAL 2013,Itália
Sparta Praha,República Tcheca
Sparta Rotterdam,Holanda
Sparta-TO,Brasil
Spartak Moskva,Rússia
Spartak Tambov,Rússia
Spartak Trvana,Eslováquia
Spartaks,Letônia
Spezia,Itália
Sport,Brasil
Sport Barueri,Brasil
Sport Boys Callao,Perú
Sporting,Portugal
Sporting Braga,Portugal
Sporting Cristal,Perú
Sporting Gagnoa,Costa do Marfim
Sporting Gijón,Espanha
Sporting Kansas City,Estados Unidos
SpVgg Unterhaching,Alemanha
SR Colmar,França
SR Donaufeld,Áustria
SSV Ehingen-Süd,Alemanha
SSV Jeddeloh,Alemanha
SSV Reutlingen,Alemanha
SSV Ulm 1846,Alemanha
St Brice FC,França
St. Gallen,Suíça
St. Louis Strikers,Estados Unidos
St. Mirren,Escócia
St. Patrick,Irlanda
St. Pauli,Alemanha
Stabaek,Noruega
Stade Briochin,França
Stade d'Abidjan,Costa do Marfim
Stade de Reims,França
Stade Gabésien,Tunísia
Stade Poitevin FC,França
Stade Tunisien,Tunísia
Staines Town,Inglaterra
Standard Liège,Bélgica
Stansted FC,Inglaterra
Start,Noruega
Stella Club,Costa do Marfim
Stellenbosch FC,África do Sul
Steve Biko,Gâmbia
STK Samorin,Eslováquia
Stockport County,Inglaterra
Stocksbridge Park,Inglaterra
Stoke City,Inglaterra
Strasbourg,França
Stromsgodset,Noruega
Sturm Graz,Áustria
Stuttgart,Alemanha
Stuttgarter Kickers,Alemanha
Sud América,Uruguai
SüdTirol,Itália
Sumaré,Brasil
Sunderland,Inglaterra
Sunshine Stars,Nigéria
Supersport United,África do Sul
SuS Niederschelden,Alemanha
Sutjeska Foca,Bósnia
Suwon Bluewings,Coréia do Sul
Suwon FC,Coréia do Sul
SV Auersmacher,Alemanha
SV Eintracht Trier 05,Alemanha
SV Grodig,Áustria
SV Lippstadt 08,Alemanha
SV Mattersburg,Áustria
SV Ried,Áustria
SV Rodinghausen,Alemanha
SV Schwechat,Áustria
SV Waldhof Mannheim 07,Alemanha
SV Wilhelmshaven,Alemanha
Swansea City,País de Gales
Swift Hesperange,Luxemburgo
Sydney United,Austrália
Sylvia,Suécia
Taboão da Serra,Brasil
Tacoma Defiance,Estados Unidos
Tacuary,Paraguai
Taguatinga,Brasil
Talleres,Argentina
Tampa Bay Rowdies,Estados Unidos
Tamworth FC,Inglaterra
Tanabi,Brasil
Tapajós,Brasil
Taquaritinga,Brasil
Tasman United,Nova Zelândia
Tatran Presov,Eslovênia
Taubaté,Brasil
Tauro FC,Panamá
Tchadense,Cabo Verde
Telstar,Holanda
Temperley,Argentina
Temuco,Chile
Tenerife,Espanha
Teplice,República Tcheca
Terme Monticelli,Itália
Ternana,Itália
The Strongest,Bolívia
Thonon Evian GG FC,França
Thor Akureyri,Islândia
Thrasyvoulos,Grécia
Three King United,Nova Zelândia
Tianguá,Brasil
Tigres,México
Tigres do Brasil,Brasil
Tijuana,México
Tiradentes-CE,Brasil
Tiro Federal,Argentina
Tiro Federal Morteros,Argentina
Tokushima Vortis,Japão
Tokyo Verdy,Japão
Toledo,Brasil
Tolima,Colômbia
Toluca,México
Tombense,Brasil
Tomori Berat,Albânia
Tonnerre Abomey,Benin
Torino,Itália
Toronto,Canadá
Torpedo,Rússia
Torpedo Kutaisi,Geórgia
Torpedo ZIL,Rússia
Torque,Uruguai
Torreense,Portugal
Torres Brasil,Brasil
Tottenham,Inglaterra
Toulon,França
Toulouse,França
Touré Kounda,Senegal
Tourizense,Portugal
Tours,França
TPS Turku,Finlândia
Trabzonspor,Turquia
Tranmere Rovers,Inglaterra
Trapani,Itália
Três Passos,Brasil
Treze,Brasil
Tricordiano,Brasil
Triestina,Itália
Triglav,Eslovênia
Trindade,Brasil
Trofense,Portugal
Tromso,Noruega
Troyes,França
Trujillanos,Venezuela
Truro City,Inglaterra
TSC Backa Topola,Sérvia
TSG Backnang,Alemanha
TSG Hoffenheim,Alemanha
TSG Neustrelitz,Alemanha
TSV Havelse,Alemanha
TSV Neumarkt,Áustria
TSV St. Johann,Áustria
Tuna Luso,Brasil
Tupi,Brasil
Tupynambás,Brasil
Tura Magic,Namíbia
Turkgucu Munchen,Alemanha
Turkiyemspor Berlin,Alemanha
Tuttocuoio,Itália
UA Horta,Espanha
Uberaba,Brasil
Uberlândia,Brasil
UCAM Murcia,Espanha
UD Leiria,Portugal
UD Maracena,Espanha
UD Melilla,Espanha
UD Oliveirense,Portugal
UD Pavía,Espanha
UD Poblense,Espanha
UD Roteña,Espanha
UD Talavera,Espanha
UD Telde,Espanha
Udinese,Itália
UE Cornellà,Espanha
UE Sant Andreu,Espanha
UF Fjolnir,Islândia
Ufa,Rússia
UFC Mannersdorf,Áustria
Uijeongbu,Coréia do Sul
UJA Maccabi Paris,França
Újpest FC,Hungria
Ulsan Hyundai,Coréia do Sul
Umea FC,Suécia
UMF Afturelding,Islândia
UMF Selfoss,Islândia
União Almeirim,Portugal
União Bandeirante,Brasil
União Barbarense,Brasil
União Beltrão,Brasil
União Frederiquense,Brasil
União Luziense-MG,Brasil
União Madeira,Portugal
União Mogi,Brasil
União Rondonópolis,Brasil
União São João,Brasil
União Suzano,Brasil
União Tires,Portugal
União Torcatense,Portugal
União-MS,Brasil
Unión,Argentina
Union Berlin,Alemanha
Union Brescia,Itália
Unión Comercio,Perú
Union Douala,Camarões
Unión Española,Chile
Union Touarga,Marrocos
Universdad Popayán,Colômbia
Universidad Católica,Chile
Universidad Catolica-ECU,Equador
Universidad de Chile,Chile
Universidad San Martín,Perú
Universitario,Perú
Urawa Reds,Japão
Urbetevere,Itália
US Avranches,França
US Boulogne,França
US Chaouia,Argélia
US Lesquin,França
US Marignane,França
US Monastirienne,Tunísia
US Quevilly-Rouen,França
USFA,Burkina Faso
USFAS Bamako,Mali
USL Dunkerque,França
USM Alger,Argélia
USV Hercules,Holanda
UTA Arad,Romênia
Utrera,Espanha
UWI,Jamaica
Valadares Gaia,Portugal
Valdevez,Portugal
Valencia,Espanha
Valenciennes,França
Valerenga,Noruega
Valeriodoce,Brasil
Valladolid,Espanha
Valur,Islândia
Vancouver Whitecaps,Canadá
Vardos FC,África do Sul
Varzim,Portugal
Vasalunds,Suécia
Vasco,Brasil
Vasco da Gama Vidigueira,Portugal
Vasteras SK,Suécia
Vataniakos Katerini,Grécia
Vaughan Azzurri,Canadá
Vejle BK,Noruega
Vélez Sarsfield,Argentina
Velo Clube,Brasil
Venezia,Itália
Ventforet Kofu,Japão
Ventspils,Letônia
Veracruz,México
Veranópolis,Brasil
Verê-PR,Brasil
VfB Lubeck,Alemanha
VfL Osnabrück,Alemanha
VfR Aalen,Alemanha
Vicenza,Itália
Victoria Koronowo,Polônia
Videira-SC,Brasil
Viitorul Constanta,Romênia
Viking,Noruega
Víkingur Reykjavík,Islândia
Viktoria Kahl,Alemanha
Vila Nova,Brasil
Vila Real,Portugal
Vilafranquense,Portugal
Vilajuïga,Espanha
Villa Nova-MG,Brasil
Villa San Carlos,Argentina
Villajoyosa,Espanha
Villarreal,Espanha
Virtus Entella,Itália
Virtus Francavilla,Itália
Virtus Verona,Itália
Visão Celeste,Brasil
Vitesse,Holanda
Vitória,Brasil
Vitória da Conquista,Brasil
Vitória das Tabocas,Brasil
Vitória de Guimarães,Portugal
Vitória de Setúbal,Portugal
Vitória Sernache,Portugal
Vitória-ES,Brasil
Vittoria,Itália
Vllaznia Shkoder,Albânia
VOCEM,Brasil
Volta Redonda,Brasil
Votoraty,Brasil
Votuporanguense,Brasil
Waasland-Beveren,Bélgica
WAC,Marrocos
Wacker Burghausen,Alemanha
Wacker Innsbruck,Áustria
Wadi Degla,Egito
WaiBOP United,Nova Zelândia
Waitakere United,Nova Zelândia
Wallidan,Zâmbia
Walsall,Inglaterra
Wanderers SC,Nova Zelândia
Warri Wolves,Nigéria
Watford,Inglaterra
Wehen Wiesbaden,Alemanha
Welling United,Inglaterra
Wellington Phoenix,Nova Zelândia
Werder Bremen,Alemanha
West Bromwich,Inglaterra
West Ham,Inglaterra
Westfalia Herne,Alemanha
Wigan,Inglaterra
Willem II,Holanda
Winterthur,Suíça
Wisla Plock,Polônia
Wkra Zuromin,Polônia
Wolfsberger AC,Áustria
Wolfsburg,Alemanha
Wolverhampton,Inglaterra
Worthing,Inglaterra
Wrexham,Inglaterra
WS Wanderers,Austrália
WSG Tirol,Áustria
Wurzburger Kickers,Alemanha
WWS Rangers,Zimbábue
Wycombe Wanderers,Inglaterra
Xanthi,Grécia
XV de Jaú,Brasil
XV de Piracicaba,Brasil
Yate Town,Inglaterra
Yeovil Town,Inglaterra
Yokohama FC,Japão
Yokohama Flügels,Japão
Yokohama Marinos,Japão
York City,Inglaterra
YOSA,Camarões
Young Boys,Suíça
Ypiranga-BA,Brasil
Ypiranga-RS,Brasil
Zaglebie Lubin,Polônia
Zalgiris Kaunas,Lituânia
Zamalek,Egito
Zamora FC,Venezuela
Zamudio,Espanha
Zbrojovka Brno,República Tcheca
Zeljeznicar,Bósnia
Zenit,Rússia
ZESCO United,Zâmbia
Znamya Truda,Rússia
Znicz Pruszków,Polônia
Zorya,Ucrânia
Zrinjski Mostar,Bósnia
Zulia,Venezuela
Zulte Waregem,Bélgica
Zurich,Suíça
Zvezda Irkutsk,Rússia
Zwolle,Holanda
APOEL,Chipre
1° de Maio,Brasil
Wilhelmina '08,Holanda